order,base,side,parent_class,expected_trades,exact_authority,runtime_bytes,ips_descendant_state,filter_result,gate
1,XAU_M1_BUY_PDH_ACCEPTED_RETEST_200S_v101,BUY,ESTABLISHED_FROZEN,79,XAU_M1_v101_TRADES_FULL.csv SHA ee0170069fc6cf564539742f256fa12db1b5d57b4b2f0f9d6cfd281ab645ffff,PARTIAL_REPRODUCTION_2018_2024_61_TRADES,OBSERVATIONAL_RESERVE,5/61 trades; +5.3728835103R; expectancy 1.0745767021R; 100% wins; DD 0R,INCONCLUSIVE_SUPPORT_SAMPLE_AND_COVERAGE
2,XAU_M2_SELL_TICK_PULLBACK_ROUTER_v10110,SELL,ESTABLISHED_FROZEN,259,v10065_ACTIVITY_TRADES.csv SHA be2f88005727c6324b780c89991ed310601c39695bd56b319a966a9a9a973499,EXTERNAL_EXACT_REFERENCE_ONLY,BLOCKED_BY_INFRASTRUCTURE,NOT_RUN,EXACT_LEDGER_BYTES_REQUIRED
3,XAU_M3_BUY_STRUCTURAL_ROUTER_v11310,BUY,ESTABLISHED_FROZEN,241,XAU_M3_BUY_STRUCTURAL_ROUTER_v11310_TRADES.csv,EXTERNAL_EXACT_REFERENCE_ONLY,BLOCKED_BY_INFRASTRUCTURE,NOT_RUN,EXACT_LEDGER_BYTES_REQUIRED
4,XAU_M4_BUY_TICK_OPENING_DRIVE_ROUTER_v11430,BUY,ESTABLISHED_FROZEN,186,XAU_M4_BALANCED_TRADES_v11430.csv,EXTERNAL_EXACT_REFERENCE_ONLY,BLOCKED_BY_INFRASTRUCTURE,NOT_RUN,EXACT_LEDGER_BYTES_REQUIRED
5,XAU_M1_M3_M4_M2_CONTROLLER_v11440,MIXED,FROZEN_CONTROLLER,745,XAU_M1_M2_M3_M4_CONTROLLER_LEDGER_v11440.csv recovered SHA 457fd03cf31823e170ec008d1af6b41c74646fe6cbe30ac2df4fb73905c29563,RECOVERY_MANIFEST_REFERENCE_ONLY,BLOCKED_BY_INFRASTRUCTURE,NOT_RUN,RUN_AFTER_INDIVIDUAL_M1_M4
6,BUY_v901,BUY,FROZEN_HISTORICAL,,CANDIDATE_REGISTER_v3920,NO_EXACT_LEDGER_OR_GENERATOR_RECOVERED,BLOCKED_BY_INFRASTRUCTURE,NOT_RUN,EXACT_BASE_BYTES_REQUIRED
7,SELL_v1005,SELL,MAIN_CANDIDATE_PROVISIONALLY_FROZEN,,CANDIDATE_REGISTER_v3920,NO_EXACT_LEDGER_OR_GENERATOR_RECOVERED,BLOCKED_BY_INFRASTRUCTURE,NOT_RUN,EXACT_BASE_BYTES_REQUIRED
8,XAU_BUY_MULTIWEEK_PULLBACK_v2512,BUY,OBSERVATIONAL_RESERVE_PARENT_REJECTED_EXPANDED_GATE,84,historical recovery parity PASS_64_OF_64; 84 trades 2018-2025,RULE_DESCRIPTION_RECOVERED_BUT_EXACT_GENERATOR_LEDGER_BYTES_NOT_MATERIALIZED,BLOCKED_BY_INFRASTRUCTURE,NOT_RUN,DO_NOT_APPROXIMATE_HISTORICAL_GENERATOR
9,SELL_v1103_AUCTION,SELL,EVIDENCE_LEDGER_PASS_GENERATOR_MISSING,134,XAU_SELL_AUCTION_UNIFIED_v1103_TRADES.csv historical 134/134 alignment,LEDGER_BYTES_NOT_SURFACED; GENERATOR_SEMANTICS_MISSING,BLOCKED_BY_INFRASTRUCTURE,NOT_RUN,EXACT_LEDGER_AND_CAUSAL_AUTHORITY_REQUIRED
10,BUY_DENSITY_v6116,BUY,PRIORITY_DIAGNOSTIC_RESERVE_NOT_APPROVED,40,CHECKPOINT_v3920 metrics and frozen rule status,NO_EXACT_LEDGER_OR_GENERATOR_RECOVERED,BLOCKED_BY_INFRASTRUCTURE,NOT_RUN,EXACT_BASE_BYTES_REQUIRED
11,Bear_Flag_SELL_v1205,SELL,PARENT_REJECTED_DEFINITIVE,,historical report: cost/walk-forward fragility,NO_EXACT_LEDGER_OR_GENERATOR_RECOVERED,BLOCKED_BY_INFRASTRUCTURE,NOT_RUN,NEW_DESCENDANT_ONLY_EXACT_BASE_REQUIRED
12,BUY_v2050_Rolling40,BUY,PARENT_REJECTED_DEFINITIVE,,historical report: parity and temporal fragility,NO_EXACT_LEDGER_OR_GENERATOR_RECOVERED,BLOCKED_BY_INFRASTRUCTURE,NOT_RUN,NEW_DESCENDANT_ONLY_EXACT_BASE_REQUIRED
13,XAU_M5_SELL_TICK_OPENING_DRIVE_FROZEN_PROFILES,SELL,4_PROFILES_FROZEN_THEN_DEFAULT_REJECTED_GATE_B,46,M5 campaign status; M5D02 default validation 46 trades,NO_EXACT_PROFILE_LEDGERS_RECOVERED,BLOCKED_BY_INFRASTRUCTURE,NOT_RUN,SEPARATE_DESCENDANT_PER_EXACT_PROFILE
