rank,asset,side,timeframe,n1,n2,rsi_length,wt2_sma_length,rsi_buy_lt,rsi_sell_gt,fib_buy_lt_ppm,fib_sell_gt_ppm
1,XAUUSD,BUY,M1,8,17,11,4,30,70,382000,618000
2,XAUUSD,BUY,M1,8,17,14,4,30,70,382000,618000
3,XAUUSD,BUY,M1,8,17,17,4,30,70,382000,618000
4,XAUUSD,BUY,M1,8,21,11,4,30,70,382000,618000
5,XAUUSD,BUY,M1,8,21,14,4,30,70,382000,618000
6,XAUUSD,BUY,M1,8,21,17,4,30,70,382000,618000
7,XAUUSD,BUY,M1,8,25,11,4,30,70,382000,618000
8,XAUUSD,BUY,M1,8,25,14,4,30,70,382000,618000
9,XAUUSD,BUY,M1,8,25,17,4,30,70,382000,618000
10,XAUUSD,BUY,M1,10,17,11,4,30,70,382000,618000
11,XAUUSD,BUY,M1,10,17,14,4,30,70,382000,618000
12,XAUUSD,BUY,M1,10,17,17,4,30,70,382000,618000
13,XAUUSD,BUY,M1,10,21,11,4,30,70,382000,618000
14,XAUUSD,BUY,M1,10,21,14,4,30,70,382000,618000
15,XAUUSD,BUY,M1,10,21,17,4,30,70,382000,618000
16,XAUUSD,BUY,M1,10,25,11,4,30,70,382000,618000
17,XAUUSD,BUY,M1,10,25,14,4,30,70,382000,618000
18,XAUUSD,BUY,M1,10,25,17,4,30,70,382000,618000
19,XAUUSD,BUY,M1,12,17,11,4,30,70,382000,618000
20,XAUUSD,BUY,M1,12,17,14,4,30,70,382000,618000
21,XAUUSD,BUY,M1,12,17,17,4,30,70,382000,618000
22,XAUUSD,BUY,M1,12,21,11,4,30,70,382000,618000
23,XAUUSD,BUY,M1,12,21,14,4,30,70,382000,618000
24,XAUUSD,BUY,M1,12,21,17,4,30,70,382000,618000
25,XAUUSD,BUY,M1,12,25,11,4,30,70,382000,618000
26,XAUUSD,BUY,M1,12,25,14,4,30,70,382000,618000
27,XAUUSD,BUY,M1,12,25,17,4,30,70,382000,618000
28,XAUUSD,BUY,M5,8,17,11,4,30,70,382000,618000
29,XAUUSD,BUY,M5,8,17,14,4,30,70,382000,618000
30,XAUUSD,BUY,M5,8,17,17,4,30,70,382000,618000
31,XAUUSD,BUY,M5,8,21,11,4,30,70,382000,618000
32,XAUUSD,BUY,M5,8,21,14,4,30,70,382000,618000
33,XAUUSD,BUY,M5,8,21,17,4,30,70,382000,618000
34,XAUUSD,BUY,M5,8,25,11,4,30,70,382000,618000
35,XAUUSD,BUY,M5,8,25,14,4,30,70,382000,618000
36,XAUUSD,BUY,M5,8,25,17,4,30,70,382000,618000
37,XAUUSD,BUY,M5,10,17,11,4,30,70,382000,618000
38,XAUUSD,BUY,M5,10,17,14,4,30,70,382000,618000
39,XAUUSD,BUY,M5,10,17,17,4,30,70,382000,618000
40,XAUUSD,BUY,M5,10,21,11,4,30,70,382000,618000
41,XAUUSD,BUY,M5,10,21,14,4,30,70,382000,618000
42,XAUUSD,BUY,M5,10,21,17,4,30,70,382000,618000
43,XAUUSD,BUY,M5,10,25,11,4,30,70,382000,618000
44,XAUUSD,BUY,M5,10,25,14,4,30,70,382000,618000
45,XAUUSD,BUY,M5,10,25,17,4,30,70,382000,618000
46,XAUUSD,BUY,M5,12,17,11,4,30,70,382000,618000
47,XAUUSD,BUY,M5,12,17,14,4,30,70,382000,618000
48,XAUUSD,BUY,M5,12,17,17,4,30,70,382000,618000
49,XAUUSD,BUY,M5,12,21,11,4,30,70,382000,618000
50,XAUUSD,BUY,M5,12,21,14,4,30,70,382000,618000
51,XAUUSD,BUY,M5,12,21,17,4,30,70,382000,618000
52,XAUUSD,BUY,M5,12,25,11,4,30,70,382000,618000
53,XAUUSD,BUY,M5,12,25,14,4,30,70,382000,618000
54,XAUUSD,BUY,M5,12,25,17,4,30,70,382000,618000
55,XAUUSD,BUY,M15,8,17,11,4,30,70,382000,618000
56,XAUUSD,BUY,M15,8,17,14,4,30,70,382000,618000
57,XAUUSD,BUY,M15,8,17,17,4,30,70,382000,618000
58,XAUUSD,BUY,M15,8,21,11,4,30,70,382000,618000
59,XAUUSD,BUY,M15,8,21,14,4,30,70,382000,618000
60,XAUUSD,BUY,M15,8,21,17,4,30,70,382000,618000
61,XAUUSD,BUY,M15,8,25,11,4,30,70,382000,618000
62,XAUUSD,BUY,M15,8,25,14,4,30,70,382000,618000
63,XAUUSD,BUY,M15,8,25,17,4,30,70,382000,618000
64,XAUUSD,BUY,M15,10,17,11,4,30,70,382000,618000
65,XAUUSD,BUY,M15,10,17,14,4,30,70,382000,618000
66,XAUUSD,BUY,M15,10,17,17,4,30,70,382000,618000
67,XAUUSD,BUY,M15,10,21,11,4,30,70,382000,618000
68,XAUUSD,BUY,M15,10,21,14,4,30,70,382000,618000
69,XAUUSD,BUY,M15,10,21,17,4,30,70,382000,618000
70,XAUUSD,BUY,M15,10,25,11,4,30,70,382000,618000
71,XAUUSD,BUY,M15,10,25,14,4,30,70,382000,618000
72,XAUUSD,BUY,M15,10,25,17,4,30,70,382000,618000
73,XAUUSD,BUY,M15,12,17,11,4,30,70,382000,618000
74,XAUUSD,BUY,M15,12,17,14,4,30,70,382000,618000
75,XAUUSD,BUY,M15,12,17,17,4,30,70,382000,618000
76,XAUUSD,BUY,M15,12,21,11,4,30,70,382000,618000
77,XAUUSD,BUY,M15,12,21,14,4,30,70,382000,618000
78,XAUUSD,BUY,M15,12,21,17,4,30,70,382000,618000
79,XAUUSD,BUY,M15,12,25,11,4,30,70,382000,618000
80,XAUUSD,BUY,M15,12,25,14,4,30,70,382000,618000
81,XAUUSD,BUY,M15,12,25,17,4,30,70,382000,618000
82,XAUUSD,BUY,M30,8,17,11,4,30,70,382000,618000
83,XAUUSD,BUY,M30,8,17,14,4,30,70,382000,618000
84,XAUUSD,BUY,M30,8,17,17,4,30,70,382000,618000
85,XAUUSD,BUY,M30,8,21,11,4,30,70,382000,618000
86,XAUUSD,BUY,M30,8,21,14,4,30,70,382000,618000
87,XAUUSD,BUY,M30,8,21,17,4,30,70,382000,618000
88,XAUUSD,BUY,M30,8,25,11,4,30,70,382000,618000
89,XAUUSD,BUY,M30,8,25,14,4,30,70,382000,618000
90,XAUUSD,BUY,M30,8,25,17,4,30,70,382000,618000
91,XAUUSD,BUY,M30,10,17,11,4,30,70,382000,618000
92,XAUUSD,BUY,M30,10,17,14,4,30,70,382000,618000
93,XAUUSD,BUY,M30,10,17,17,4,30,70,382000,618000
94,XAUUSD,BUY,M30,10,21,11,4,30,70,382000,618000
95,XAUUSD,BUY,M30,10,21,14,4,30,70,382000,618000
96,XAUUSD,BUY,M30,10,21,17,4,30,70,382000,618000
97,XAUUSD,BUY,M30,10,25,11,4,30,70,382000,618000
98,XAUUSD,BUY,M30,10,25,14,4,30,70,382000,618000
99,XAUUSD,BUY,M30,10,25,17,4,30,70,382000,618000
100,XAUUSD,BUY,M30,12,17,11,4,30,70,382000,618000
101,XAUUSD,BUY,M30,12,17,14,4,30,70,382000,618000
102,XAUUSD,BUY,M30,12,17,17,4,30,70,382000,618000
103,XAUUSD,BUY,M30,12,21,11,4,30,70,382000,618000
104,XAUUSD,BUY,M30,12,21,14,4,30,70,382000,618000
105,XAUUSD,BUY,M30,12,21,17,4,30,70,382000,618000
106,XAUUSD,BUY,M30,12,25,11,4,30,70,382000,618000
107,XAUUSD,BUY,M30,12,25,14,4,30,70,382000,618000
108,XAUUSD,BUY,M30,12,25,17,4,30,70,382000,618000
109,XAUUSD,BUY,H1,8,17,11,4,30,70,382000,618000
110,XAUUSD,BUY,H1,8,17,14,4,30,70,382000,618000
111,XAUUSD,BUY,H1,8,17,17,4,30,70,382000,618000
112,XAUUSD,BUY,H1,8,21,11,4,30,70,382000,618000
113,XAUUSD,BUY,H1,8,21,14,4,30,70,382000,618000
114,XAUUSD,BUY,H1,8,21,17,4,30,70,382000,618000
115,XAUUSD,BUY,H1,8,25,11,4,30,70,382000,618000
116,XAUUSD,BUY,H1,8,25,14,4,30,70,382000,618000
117,XAUUSD,BUY,H1,8,25,17,4,30,70,382000,618000
118,XAUUSD,BUY,H1,10,17,11,4,30,70,382000,618000
119,XAUUSD,BUY,H1,10,17,14,4,30,70,382000,618000
120,XAUUSD,BUY,H1,10,17,17,4,30,70,382000,618000
121,XAUUSD,BUY,H1,10,21,11,4,30,70,382000,618000
122,XAUUSD,BUY,H1,10,21,14,4,30,70,382000,618000
123,XAUUSD,BUY,H1,10,21,17,4,30,70,382000,618000
124,XAUUSD,BUY,H1,10,25,11,4,30,70,382000,618000
125,XAUUSD,BUY,H1,10,25,14,4,30,70,382000,618000
126,XAUUSD,BUY,H1,10,25,17,4,30,70,382000,618000
127,XAUUSD,BUY,H1,12,17,11,4,30,70,382000,618000
128,XAUUSD,BUY,H1,12,17,14,4,30,70,382000,618000
129,XAUUSD,BUY,H1,12,17,17,4,30,70,382000,618000
130,XAUUSD,BUY,H1,12,21,11,4,30,70,382000,618000
131,XAUUSD,BUY,H1,12,21,14,4,30,70,382000,618000
132,XAUUSD,BUY,H1,12,21,17,4,30,70,382000,618000
133,XAUUSD,BUY,H1,12,25,11,4,30,70,382000,618000
134,XAUUSD,BUY,H1,12,25,14,4,30,70,382000,618000
135,XAUUSD,BUY,H1,12,25,17,4,30,70,382000,618000
136,XAUUSD,SELL,M1,8,17,11,4,30,70,382000,618000
137,XAUUSD,SELL,M1,8,17,14,4,30,70,382000,618000
138,XAUUSD,SELL,M1,8,17,17,4,30,70,382000,618000
139,XAUUSD,SELL,M1,8,21,11,4,30,70,382000,618000
140,XAUUSD,SELL,M1,8,21,14,4,30,70,382000,618000
141,XAUUSD,SELL,M1,8,21,17,4,30,70,382000,618000
142,XAUUSD,SELL,M1,8,25,11,4,30,70,382000,618000
143,XAUUSD,SELL,M1,8,25,14,4,30,70,382000,618000
144,XAUUSD,SELL,M1,8,25,17,4,30,70,382000,618000
145,XAUUSD,SELL,M1,10,17,11,4,30,70,382000,618000
146,XAUUSD,SELL,M1,10,17,14,4,30,70,382000,618000
147,XAUUSD,SELL,M1,10,17,17,4,30,70,382000,618000
148,XAUUSD,SELL,M1,10,21,11,4,30,70,382000,618000
149,XAUUSD,SELL,M1,10,21,14,4,30,70,382000,618000
150,XAUUSD,SELL,M1,10,21,17,4,30,70,382000,618000
151,XAUUSD,SELL,M1,10,25,11,4,30,70,382000,618000
152,XAUUSD,SELL,M1,10,25,14,4,30,70,382000,618000
153,XAUUSD,SELL,M1,10,25,17,4,30,70,382000,618000
154,XAUUSD,SELL,M1,12,17,11,4,30,70,382000,618000
155,XAUUSD,SELL,M1,12,17,14,4,30,70,382000,618000
156,XAUUSD,SELL,M1,12,17,17,4,30,70,382000,618000
157,XAUUSD,SELL,M1,12,21,11,4,30,70,382000,618000
158,XAUUSD,SELL,M1,12,21,14,4,30,70,382000,618000
159,XAUUSD,SELL,M1,12,21,17,4,30,70,382000,618000
160,XAUUSD,SELL,M1,12,25,11,4,30,70,382000,618000
161,XAUUSD,SELL,M1,12,25,14,4,30,70,382000,618000
162,XAUUSD,SELL,M1,12,25,17,4,30,70,382000,618000
163,XAUUSD,SELL,M5,8,17,11,4,30,70,382000,618000
164,XAUUSD,SELL,M5,8,17,14,4,30,70,382000,618000
165,XAUUSD,SELL,M5,8,17,17,4,30,70,382000,618000
166,XAUUSD,SELL,M5,8,21,11,4,30,70,382000,618000
167,XAUUSD,SELL,M5,8,21,14,4,30,70,382000,618000
168,XAUUSD,SELL,M5,8,21,17,4,30,70,382000,618000
169,XAUUSD,SELL,M5,8,25,11,4,30,70,382000,618000
170,XAUUSD,SELL,M5,8,25,14,4,30,70,382000,618000
171,XAUUSD,SELL,M5,8,25,17,4,30,70,382000,618000
172,XAUUSD,SELL,M5,10,17,11,4,30,70,382000,618000
173,XAUUSD,SELL,M5,10,17,14,4,30,70,382000,618000
174,XAUUSD,SELL,M5,10,17,17,4,30,70,382000,618000
175,XAUUSD,SELL,M5,10,21,11,4,30,70,382000,618000
176,XAUUSD,SELL,M5,10,21,14,4,30,70,382000,618000
177,XAUUSD,SELL,M5,10,21,17,4,30,70,382000,618000
178,XAUUSD,SELL,M5,10,25,11,4,30,70,382000,618000
179,XAUUSD,SELL,M5,10,25,14,4,30,70,382000,618000
180,XAUUSD,SELL,M5,10,25,17,4,30,70,382000,618000
181,XAUUSD,SELL,M5,12,17,11,4,30,70,382000,618000
182,XAUUSD,SELL,M5,12,17,14,4,30,70,382000,618000
183,XAUUSD,SELL,M5,12,17,17,4,30,70,382000,618000
184,XAUUSD,SELL,M5,12,21,11,4,30,70,382000,618000
185,XAUUSD,SELL,M5,12,21,14,4,30,70,382000,618000
186,XAUUSD,SELL,M5,12,21,17,4,30,70,382000,618000
187,XAUUSD,SELL,M5,12,25,11,4,30,70,382000,618000
188,XAUUSD,SELL,M5,12,25,14,4,30,70,382000,618000
189,XAUUSD,SELL,M5,12,25,17,4,30,70,382000,618000
190,XAUUSD,SELL,M15,8,17,11,4,30,70,382000,618000
191,XAUUSD,SELL,M15,8,17,14,4,30,70,382000,618000
192,XAUUSD,SELL,M15,8,17,17,4,30,70,382000,618000
193,XAUUSD,SELL,M15,8,21,11,4,30,70,382000,618000
194,XAUUSD,SELL,M15,8,21,14,4,30,70,382000,618000
195,XAUUSD,SELL,M15,8,21,17,4,30,70,382000,618000
196,XAUUSD,SELL,M15,8,25,11,4,30,70,382000,618000
197,XAUUSD,SELL,M15,8,25,14,4,30,70,382000,618000
198,XAUUSD,SELL,M15,8,25,17,4,30,70,382000,618000
199,XAUUSD,SELL,M15,10,17,11,4,30,70,382000,618000
200,XAUUSD,SELL,M15,10,17,14,4,30,70,382000,618000
201,XAUUSD,SELL,M15,10,17,17,4,30,70,382000,618000
202,XAUUSD,SELL,M15,10,21,11,4,30,70,382000,618000
203,XAUUSD,SELL,M15,10,21,14,4,30,70,382000,618000
204,XAUUSD,SELL,M15,10,21,17,4,30,70,382000,618000
205,XAUUSD,SELL,M15,10,25,11,4,30,70,382000,618000
206,XAUUSD,SELL,M15,10,25,14,4,30,70,382000,618000
207,XAUUSD,SELL,M15,10,25,17,4,30,70,382000,618000
208,XAUUSD,SELL,M15,12,17,11,4,30,70,382000,618000
209,XAUUSD,SELL,M15,12,17,14,4,30,70,382000,618000
210,XAUUSD,SELL,M15,12,17,17,4,30,70,382000,618000
211,XAUUSD,SELL,M15,12,21,11,4,30,70,382000,618000
212,XAUUSD,SELL,M15,12,21,14,4,30,70,382000,618000
213,XAUUSD,SELL,M15,12,21,17,4,30,70,382000,618000
214,XAUUSD,SELL,M15,12,25,11,4,30,70,382000,618000
215,XAUUSD,SELL,M15,12,25,14,4,30,70,382000,618000
216,XAUUSD,SELL,M15,12,25,17,4,30,70,382000,618000
217,XAUUSD,SELL,M30,8,17,11,4,30,70,382000,618000
218,XAUUSD,SELL,M30,8,17,14,4,30,70,382000,618000
219,XAUUSD,SELL,M30,8,17,17,4,30,70,382000,618000
220,XAUUSD,SELL,M30,8,21,11,4,30,70,382000,618000
221,XAUUSD,SELL,M30,8,21,14,4,30,70,382000,618000
222,XAUUSD,SELL,M30,8,21,17,4,30,70,382000,618000
223,XAUUSD,SELL,M30,8,25,11,4,30,70,382000,618000
224,XAUUSD,SELL,M30,8,25,14,4,30,70,382000,618000
225,XAUUSD,SELL,M30,8,25,17,4,30,70,382000,618000
226,XAUUSD,SELL,M30,10,17,11,4,30,70,382000,618000
227,XAUUSD,SELL,M30,10,17,14,4,30,70,382000,618000
228,XAUUSD,SELL,M30,10,17,17,4,30,70,382000,618000
229,XAUUSD,SELL,M30,10,21,11,4,30,70,382000,618000
230,XAUUSD,SELL,M30,10,21,14,4,30,70,382000,618000
231,XAUUSD,SELL,M30,10,21,17,4,30,70,382000,618000
232,XAUUSD,SELL,M30,10,25,11,4,30,70,382000,618000
233,XAUUSD,SELL,M30,10,25,14,4,30,70,382000,618000
234,XAUUSD,SELL,M30,10,25,17,4,30,70,382000,618000
235,XAUUSD,SELL,M30,12,17,11,4,30,70,382000,618000
236,XAUUSD,SELL,M30,12,17,14,4,30,70,382000,618000
237,XAUUSD,SELL,M30,12,17,17,4,30,70,382000,618000
238,XAUUSD,SELL,M30,12,21,11,4,30,70,382000,618000
239,XAUUSD,SELL,M30,12,21,14,4,30,70,382000,618000
240,XAUUSD,SELL,M30,12,21,17,4,30,70,382000,618000
241,XAUUSD,SELL,M30,12,25,11,4,30,70,382000,618000
242,XAUUSD,SELL,M30,12,25,14,4,30,70,382000,618000
243,XAUUSD,SELL,M30,12,25,17,4,30,70,382000,618000
244,XAUUSD,SELL,H1,8,17,11,4,30,70,382000,618000
245,XAUUSD,SELL,H1,8,17,14,4,30,70,382000,618000
246,XAUUSD,SELL,H1,8,17,17,4,30,70,382000,618000
247,XAUUSD,SELL,H1,8,21,11,4,30,70,382000,618000
248,XAUUSD,SELL,H1,8,21,14,4,30,70,382000,618000
249,XAUUSD,SELL,H1,8,21,17,4,30,70,382000,618000
250,XAUUSD,SELL,H1,8,25,11,4,30,70,382000,618000
251,XAUUSD,SELL,H1,8,25,14,4,30,70,382000,618000
252,XAUUSD,SELL,H1,8,25,17,4,30,70,382000,618000
253,XAUUSD,SELL,H1,10,17,11,4,30,70,382000,618000
254,XAUUSD,SELL,H1,10,17,14,4,30,70,382000,618000
255,XAUUSD,SELL,H1,10,17,17,4,30,70,382000,618000
256,XAUUSD,SELL,H1,10,21,11,4,30,70,382000,618000
257,XAUUSD,SELL,H1,10,21,14,4,30,70,382000,618000
258,XAUUSD,SELL,H1,10,21,17,4,30,70,382000,618000
259,XAUUSD,SELL,H1,10,25,11,4,30,70,382000,618000
260,XAUUSD,SELL,H1,10,25,14,4,30,70,382000,618000
261,XAUUSD,SELL,H1,10,25,17,4,30,70,382000,618000
262,XAUUSD,SELL,H1,12,17,11,4,30,70,382000,618000
263,XAUUSD,SELL,H1,12,17,14,4,30,70,382000,618000
264,XAUUSD,SELL,H1,12,17,17,4,30,70,382000,618000
265,XAUUSD,SELL,H1,12,21,11,4,30,70,382000,618000
266,XAUUSD,SELL,H1,12,21,14,4,30,70,382000,618000
267,XAUUSD,SELL,H1,12,21,17,4,30,70,382000,618000
268,XAUUSD,SELL,H1,12,25,11,4,30,70,382000,618000
269,XAUUSD,SELL,H1,12,25,14,4,30,70,382000,618000
270,XAUUSD,SELL,H1,12,25,17,4,30,70,382000,618000
271,NQX/NDX,BUY,M1,8,17,11,4,30,70,382000,618000
272,NQX/NDX,BUY,M1,8,17,14,4,30,70,382000,618000
273,NQX/NDX,BUY,M1,8,17,17,4,30,70,382000,618000
274,NQX/NDX,BUY,M1,8,21,11,4,30,70,382000,618000
275,NQX/NDX,BUY,M1,8,21,14,4,30,70,382000,618000
276,NQX/NDX,BUY,M1,8,21,17,4,30,70,382000,618000
277,NQX/NDX,BUY,M1,8,25,11,4,30,70,382000,618000
278,NQX/NDX,BUY,M1,8,25,14,4,30,70,382000,618000
279,NQX/NDX,BUY,M1,8,25,17,4,30,70,382000,618000
280,NQX/NDX,BUY,M1,10,17,11,4,30,70,382000,618000
281,NQX/NDX,BUY,M1,10,17,14,4,30,70,382000,618000
282,NQX/NDX,BUY,M1,10,17,17,4,30,70,382000,618000
283,NQX/NDX,BUY,M1,10,21,11,4,30,70,382000,618000
284,NQX/NDX,BUY,M1,10,21,14,4,30,70,382000,618000
285,NQX/NDX,BUY,M1,10,21,17,4,30,70,382000,618000
286,NQX/NDX,BUY,M1,10,25,11,4,30,70,382000,618000
287,NQX/NDX,BUY,M1,10,25,14,4,30,70,382000,618000
288,NQX/NDX,BUY,M1,10,25,17,4,30,70,382000,618000
289,NQX/NDX,BUY,M1,12,17,11,4,30,70,382000,618000
290,NQX/NDX,BUY,M1,12,17,14,4,30,70,382000,618000
291,NQX/NDX,BUY,M1,12,17,17,4,30,70,382000,618000
292,NQX/NDX,BUY,M1,12,21,11,4,30,70,382000,618000
293,NQX/NDX,BUY,M1,12,21,14,4,30,70,382000,618000
294,NQX/NDX,BUY,M1,12,21,17,4,30,70,382000,618000
295,NQX/NDX,BUY,M1,12,25,11,4,30,70,382000,618000
296,NQX/NDX,BUY,M1,12,25,14,4,30,70,382000,618000
297,NQX/NDX,BUY,M1,12,25,17,4,30,70,382000,618000
298,NQX/NDX,BUY,M5,8,17,11,4,30,70,382000,618000
299,NQX/NDX,BUY,M5,8,17,14,4,30,70,382000,618000
300,NQX/NDX,BUY,M5,8,17,17,4,30,70,382000,618000
301,NQX/NDX,BUY,M5,8,21,11,4,30,70,382000,618000
302,NQX/NDX,BUY,M5,8,21,14,4,30,70,382000,618000
303,NQX/NDX,BUY,M5,8,21,17,4,30,70,382000,618000
304,NQX/NDX,BUY,M5,8,25,11,4,30,70,382000,618000
305,NQX/NDX,BUY,M5,8,25,14,4,30,70,382000,618000
306,NQX/NDX,BUY,M5,8,25,17,4,30,70,382000,618000
307,NQX/NDX,BUY,M5,10,17,11,4,30,70,382000,618000
308,NQX/NDX,BUY,M5,10,17,14,4,30,70,382000,618000
309,NQX/NDX,BUY,M5,10,17,17,4,30,70,382000,618000
310,NQX/NDX,BUY,M5,10,21,11,4,30,70,382000,618000
311,NQX/NDX,BUY,M5,10,21,14,4,30,70,382000,618000
312,NQX/NDX,BUY,M5,10,21,17,4,30,70,382000,618000
313,NQX/NDX,BUY,M5,10,25,11,4,30,70,382000,618000
314,NQX/NDX,BUY,M5,10,25,14,4,30,70,382000,618000
315,NQX/NDX,BUY,M5,10,25,17,4,30,70,382000,618000
316,NQX/NDX,BUY,M5,12,17,11,4,30,70,382000,618000
317,NQX/NDX,BUY,M5,12,17,14,4,30,70,382000,618000
318,NQX/NDX,BUY,M5,12,17,17,4,30,70,382000,618000
319,NQX/NDX,BUY,M5,12,21,11,4,30,70,382000,618000
320,NQX/NDX,BUY,M5,12,21,14,4,30,70,382000,618000
321,NQX/NDX,BUY,M5,12,21,17,4,30,70,382000,618000
322,NQX/NDX,BUY,M5,12,25,11,4,30,70,382000,618000
323,NQX/NDX,BUY,M5,12,25,14,4,30,70,382000,618000
324,NQX/NDX,BUY,M5,12,25,17,4,30,70,382000,618000
325,NQX/NDX,BUY,M15,8,17,11,4,30,70,382000,618000
326,NQX/NDX,BUY,M15,8,17,14,4,30,70,382000,618000
327,NQX/NDX,BUY,M15,8,17,17,4,30,70,382000,618000
328,NQX/NDX,BUY,M15,8,21,11,4,30,70,382000,618000
329,NQX/NDX,BUY,M15,8,21,14,4,30,70,382000,618000
330,NQX/NDX,BUY,M15,8,21,17,4,30,70,382000,618000
331,NQX/NDX,BUY,M15,8,25,11,4,30,70,382000,618000
332,NQX/NDX,BUY,M15,8,25,14,4,30,70,382000,618000
333,NQX/NDX,BUY,M15,8,25,17,4,30,70,382000,618000
334,NQX/NDX,BUY,M15,10,17,11,4,30,70,382000,618000
335,NQX/NDX,BUY,M15,10,17,14,4,30,70,382000,618000
336,NQX/NDX,BUY,M15,10,17,17,4,30,70,382000,618000
337,NQX/NDX,BUY,M15,10,21,11,4,30,70,382000,618000
338,NQX/NDX,BUY,M15,10,21,14,4,30,70,382000,618000
339,NQX/NDX,BUY,M15,10,21,17,4,30,70,382000,618000
340,NQX/NDX,BUY,M15,10,25,11,4,30,70,382000,618000
341,NQX/NDX,BUY,M15,10,25,14,4,30,70,382000,618000
342,NQX/NDX,BUY,M15,10,25,17,4,30,70,382000,618000
343,NQX/NDX,BUY,M15,12,17,11,4,30,70,382000,618000
344,NQX/NDX,BUY,M15,12,17,14,4,30,70,382000,618000
345,NQX/NDX,BUY,M15,12,17,17,4,30,70,382000,618000
346,NQX/NDX,BUY,M15,12,21,11,4,30,70,382000,618000
347,NQX/NDX,BUY,M15,12,21,14,4,30,70,382000,618000
348,NQX/NDX,BUY,M15,12,21,17,4,30,70,382000,618000
349,NQX/NDX,BUY,M15,12,25,11,4,30,70,382000,618000
350,NQX/NDX,BUY,M15,12,25,14,4,30,70,382000,618000
351,NQX/NDX,BUY,M15,12,25,17,4,30,70,382000,618000
352,NQX/NDX,BUY,M30,8,17,11,4,30,70,382000,618000
353,NQX/NDX,BUY,M30,8,17,14,4,30,70,382000,618000
354,NQX/NDX,BUY,M30,8,17,17,4,30,70,382000,618000
355,NQX/NDX,BUY,M30,8,21,11,4,30,70,382000,618000
356,NQX/NDX,BUY,M30,8,21,14,4,30,70,382000,618000
357,NQX/NDX,BUY,M30,8,21,17,4,30,70,382000,618000
358,NQX/NDX,BUY,M30,8,25,11,4,30,70,382000,618000
359,NQX/NDX,BUY,M30,8,25,14,4,30,70,382000,618000
360,NQX/NDX,BUY,M30,8,25,17,4,30,70,382000,618000
361,NQX/NDX,BUY,M30,10,17,11,4,30,70,382000,618000
362,NQX/NDX,BUY,M30,10,17,14,4,30,70,382000,618000
363,NQX/NDX,BUY,M30,10,17,17,4,30,70,382000,618000
364,NQX/NDX,BUY,M30,10,21,11,4,30,70,382000,618000
365,NQX/NDX,BUY,M30,10,21,14,4,30,70,382000,618000
366,NQX/NDX,BUY,M30,10,21,17,4,30,70,382000,618000
367,NQX/NDX,BUY,M30,10,25,11,4,30,70,382000,618000
368,NQX/NDX,BUY,M30,10,25,14,4,30,70,382000,618000
369,NQX/NDX,BUY,M30,10,25,17,4,30,70,382000,618000
370,NQX/NDX,BUY,M30,12,17,11,4,30,70,382000,618000
371,NQX/NDX,BUY,M30,12,17,14,4,30,70,382000,618000
372,NQX/NDX,BUY,M30,12,17,17,4,30,70,382000,618000
373,NQX/NDX,BUY,M30,12,21,11,4,30,70,382000,618000
374,NQX/NDX,BUY,M30,12,21,14,4,30,70,382000,618000
375,NQX/NDX,BUY,M30,12,21,17,4,30,70,382000,618000
376,NQX/NDX,BUY,M30,12,25,11,4,30,70,382000,618000
377,NQX/NDX,BUY,M30,12,25,14,4,30,70,382000,618000
378,NQX/NDX,BUY,M30,12,25,17,4,30,70,382000,618000
379,NQX/NDX,BUY,H1,8,17,11,4,30,70,382000,618000
380,NQX/NDX,BUY,H1,8,17,14,4,30,70,382000,618000
381,NQX/NDX,BUY,H1,8,17,17,4,30,70,382000,618000
382,NQX/NDX,BUY,H1,8,21,11,4,30,70,382000,618000
383,NQX/NDX,BUY,H1,8,21,14,4,30,70,382000,618000
384,NQX/NDX,BUY,H1,8,21,17,4,30,70,382000,618000
385,NQX/NDX,BUY,H1,8,25,11,4,30,70,382000,618000
386,NQX/NDX,BUY,H1,8,25,14,4,30,70,382000,618000
387,NQX/NDX,BUY,H1,8,25,17,4,30,70,382000,618000
388,NQX/NDX,BUY,H1,10,17,11,4,30,70,382000,618000
389,NQX/NDX,BUY,H1,10,17,14,4,30,70,382000,618000
390,NQX/NDX,BUY,H1,10,17,17,4,30,70,382000,618000
391,NQX/NDX,BUY,H1,10,21,11,4,30,70,382000,618000
392,NQX/NDX,BUY,H1,10,21,14,4,30,70,382000,618000
393,NQX/NDX,BUY,H1,10,21,17,4,30,70,382000,618000
394,NQX/NDX,BUY,H1,10,25,11,4,30,70,382000,618000
395,NQX/NDX,BUY,H1,10,25,14,4,30,70,382000,618000
396,NQX/NDX,BUY,H1,10,25,17,4,30,70,382000,618000
397,NQX/NDX,BUY,H1,12,17,11,4,30,70,382000,618000
398,NQX/NDX,BUY,H1,12,17,14,4,30,70,382000,618000
399,NQX/NDX,BUY,H1,12,17,17,4,30,70,382000,618000
400,NQX/NDX,BUY,H1,12,21,11,4,30,70,382000,618000
401,NQX/NDX,BUY,H1,12,21,14,4,30,70,382000,618000
402,NQX/NDX,BUY,H1,12,21,17,4,30,70,382000,618000
403,NQX/NDX,BUY,H1,12,25,11,4,30,70,382000,618000
404,NQX/NDX,BUY,H1,12,25,14,4,30,70,382000,618000
405,NQX/NDX,BUY,H1,12,25,17,4,30,70,382000,618000
406,NQX/NDX,SELL,M1,8,17,11,4,30,70,382000,618000
407,NQX/NDX,SELL,M1,8,17,14,4,30,70,382000,618000
408,NQX/NDX,SELL,M1,8,17,17,4,30,70,382000,618000
409,NQX/NDX,SELL,M1,8,21,11,4,30,70,382000,618000
410,NQX/NDX,SELL,M1,8,21,14,4,30,70,382000,618000
411,NQX/NDX,SELL,M1,8,21,17,4,30,70,382000,618000
412,NQX/NDX,SELL,M1,8,25,11,4,30,70,382000,618000
413,NQX/NDX,SELL,M1,8,25,14,4,30,70,382000,618000
414,NQX/NDX,SELL,M1,8,25,17,4,30,70,382000,618000
415,NQX/NDX,SELL,M1,10,17,11,4,30,70,382000,618000
416,NQX/NDX,SELL,M1,10,17,14,4,30,70,382000,618000
417,NQX/NDX,SELL,M1,10,17,17,4,30,70,382000,618000
418,NQX/NDX,SELL,M1,10,21,11,4,30,70,382000,618000
419,NQX/NDX,SELL,M1,10,21,14,4,30,70,382000,618000
420,NQX/NDX,SELL,M1,10,21,17,4,30,70,382000,618000
421,NQX/NDX,SELL,M1,10,25,11,4,30,70,382000,618000
422,NQX/NDX,SELL,M1,10,25,14,4,30,70,382000,618000
423,NQX/NDX,SELL,M1,10,25,17,4,30,70,382000,618000
424,NQX/NDX,SELL,M1,12,17,11,4,30,70,382000,618000
425,NQX/NDX,SELL,M1,12,17,14,4,30,70,382000,618000
426,NQX/NDX,SELL,M1,12,17,17,4,30,70,382000,618000
427,NQX/NDX,SELL,M1,12,21,11,4,30,70,382000,618000
428,NQX/NDX,SELL,M1,12,21,14,4,30,70,382000,618000
429,NQX/NDX,SELL,M1,12,21,17,4,30,70,382000,618000
430,NQX/NDX,SELL,M1,12,25,11,4,30,70,382000,618000
431,NQX/NDX,SELL,M1,12,25,14,4,30,70,382000,618000
432,NQX/NDX,SELL,M1,12,25,17,4,30,70,382000,618000
433,NQX/NDX,SELL,M5,8,17,11,4,30,70,382000,618000
434,NQX/NDX,SELL,M5,8,17,14,4,30,70,382000,618000
435,NQX/NDX,SELL,M5,8,17,17,4,30,70,382000,618000
436,NQX/NDX,SELL,M5,8,21,11,4,30,70,382000,618000
437,NQX/NDX,SELL,M5,8,21,14,4,30,70,382000,618000
438,NQX/NDX,SELL,M5,8,21,17,4,30,70,382000,618000
439,NQX/NDX,SELL,M5,8,25,11,4,30,70,382000,618000
440,NQX/NDX,SELL,M5,8,25,14,4,30,70,382000,618000
441,NQX/NDX,SELL,M5,8,25,17,4,30,70,382000,618000
442,NQX/NDX,SELL,M5,10,17,11,4,30,70,382000,618000
443,NQX/NDX,SELL,M5,10,17,14,4,30,70,382000,618000
444,NQX/NDX,SELL,M5,10,17,17,4,30,70,382000,618000
445,NQX/NDX,SELL,M5,10,21,11,4,30,70,382000,618000
446,NQX/NDX,SELL,M5,10,21,14,4,30,70,382000,618000
447,NQX/NDX,SELL,M5,10,21,17,4,30,70,382000,618000
448,NQX/NDX,SELL,M5,10,25,11,4,30,70,382000,618000
449,NQX/NDX,SELL,M5,10,25,14,4,30,70,382000,618000
450,NQX/NDX,SELL,M5,10,25,17,4,30,70,382000,618000
451,NQX/NDX,SELL,M5,12,17,11,4,30,70,382000,618000
452,NQX/NDX,SELL,M5,12,17,14,4,30,70,382000,618000
453,NQX/NDX,SELL,M5,12,17,17,4,30,70,382000,618000
454,NQX/NDX,SELL,M5,12,21,11,4,30,70,382000,618000
455,NQX/NDX,SELL,M5,12,21,14,4,30,70,382000,618000
456,NQX/NDX,SELL,M5,12,21,17,4,30,70,382000,618000
457,NQX/NDX,SELL,M5,12,25,11,4,30,70,382000,618000
458,NQX/NDX,SELL,M5,12,25,14,4,30,70,382000,618000
459,NQX/NDX,SELL,M5,12,25,17,4,30,70,382000,618000
460,NQX/NDX,SELL,M15,8,17,11,4,30,70,382000,618000
461,NQX/NDX,SELL,M15,8,17,14,4,30,70,382000,618000
462,NQX/NDX,SELL,M15,8,17,17,4,30,70,382000,618000
463,NQX/NDX,SELL,M15,8,21,11,4,30,70,382000,618000
464,NQX/NDX,SELL,M15,8,21,14,4,30,70,382000,618000
465,NQX/NDX,SELL,M15,8,21,17,4,30,70,382000,618000
466,NQX/NDX,SELL,M15,8,25,11,4,30,70,382000,618000
467,NQX/NDX,SELL,M15,8,25,14,4,30,70,382000,618000
468,NQX/NDX,SELL,M15,8,25,17,4,30,70,382000,618000
469,NQX/NDX,SELL,M15,10,17,11,4,30,70,382000,618000
470,NQX/NDX,SELL,M15,10,17,14,4,30,70,382000,618000
471,NQX/NDX,SELL,M15,10,17,17,4,30,70,382000,618000
472,NQX/NDX,SELL,M15,10,21,11,4,30,70,382000,618000
473,NQX/NDX,SELL,M15,10,21,14,4,30,70,382000,618000
474,NQX/NDX,SELL,M15,10,21,17,4,30,70,382000,618000
475,NQX/NDX,SELL,M15,10,25,11,4,30,70,382000,618000
476,NQX/NDX,SELL,M15,10,25,14,4,30,70,382000,618000
477,NQX/NDX,SELL,M15,10,25,17,4,30,70,382000,618000
478,NQX/NDX,SELL,M15,12,17,11,4,30,70,382000,618000
479,NQX/NDX,SELL,M15,12,17,14,4,30,70,382000,618000
480,NQX/NDX,SELL,M15,12,17,17,4,30,70,382000,618000
481,NQX/NDX,SELL,M15,12,21,11,4,30,70,382000,618000
482,NQX/NDX,SELL,M15,12,21,14,4,30,70,382000,618000
483,NQX/NDX,SELL,M15,12,21,17,4,30,70,382000,618000
484,NQX/NDX,SELL,M15,12,25,11,4,30,70,382000,618000
485,NQX/NDX,SELL,M15,12,25,14,4,30,70,382000,618000
486,NQX/NDX,SELL,M15,12,25,17,4,30,70,382000,618000
487,NQX/NDX,SELL,M30,8,17,11,4,30,70,382000,618000
488,NQX/NDX,SELL,M30,8,17,14,4,30,70,382000,618000
489,NQX/NDX,SELL,M30,8,17,17,4,30,70,382000,618000
490,NQX/NDX,SELL,M30,8,21,11,4,30,70,382000,618000
491,NQX/NDX,SELL,M30,8,21,14,4,30,70,382000,618000
492,NQX/NDX,SELL,M30,8,21,17,4,30,70,382000,618000
493,NQX/NDX,SELL,M30,8,25,11,4,30,70,382000,618000
494,NQX/NDX,SELL,M30,8,25,14,4,30,70,382000,618000
495,NQX/NDX,SELL,M30,8,25,17,4,30,70,382000,618000
496,NQX/NDX,SELL,M30,10,17,11,4,30,70,382000,618000
497,NQX/NDX,SELL,M30,10,17,14,4,30,70,382000,618000
498,NQX/NDX,SELL,M30,10,17,17,4,30,70,382000,618000
499,NQX/NDX,SELL,M30,10,21,11,4,30,70,382000,618000
500,NQX/NDX,SELL,M30,10,21,14,4,30,70,382000,618000
501,NQX/NDX,SELL,M30,10,21,17,4,30,70,382000,618000
502,NQX/NDX,SELL,M30,10,25,11,4,30,70,382000,618000
503,NQX/NDX,SELL,M30,10,25,14,4,30,70,382000,618000
504,NQX/NDX,SELL,M30,10,25,17,4,30,70,382000,618000
505,NQX/NDX,SELL,M30,12,17,11,4,30,70,382000,618000
506,NQX/NDX,SELL,M30,12,17,14,4,30,70,382000,618000
507,NQX/NDX,SELL,M30,12,17,17,4,30,70,382000,618000
508,NQX/NDX,SELL,M30,12,21,11,4,30,70,382000,618000
509,NQX/NDX,SELL,M30,12,21,14,4,30,70,382000,618000
510,NQX/NDX,SELL,M30,12,21,17,4,30,70,382000,618000
511,NQX/NDX,SELL,M30,12,25,11,4,30,70,382000,618000
512,NQX/NDX,SELL,M30,12,25,14,4,30,70,382000,618000
513,NQX/NDX,SELL,M30,12,25,17,4,30,70,382000,618000
514,NQX/NDX,SELL,H1,8,17,11,4,30,70,382000,618000
515,NQX/NDX,SELL,H1,8,17,14,4,30,70,382000,618000
516,NQX/NDX,SELL,H1,8,17,17,4,30,70,382000,618000
517,NQX/NDX,SELL,H1,8,21,11,4,30,70,382000,618000
518,NQX/NDX,SELL,H1,8,21,14,4,30,70,382000,618000
519,NQX/NDX,SELL,H1,8,21,17,4,30,70,382000,618000
520,NQX/NDX,SELL,H1,8,25,11,4,30,70,382000,618000
521,NQX/NDX,SELL,H1,8,25,14,4,30,70,382000,618000
522,NQX/NDX,SELL,H1,8,25,17,4,30,70,382000,618000
523,NQX/NDX,SELL,H1,10,17,11,4,30,70,382000,618000
524,NQX/NDX,SELL,H1,10,17,14,4,30,70,382000,618000
525,NQX/NDX,SELL,H1,10,17,17,4,30,70,382000,618000
526,NQX/NDX,SELL,H1,10,21,11,4,30,70,382000,618000
527,NQX/NDX,SELL,H1,10,21,14,4,30,70,382000,618000
528,NQX/NDX,SELL,H1,10,21,17,4,30,70,382000,618000
529,NQX/NDX,SELL,H1,10,25,11,4,30,70,382000,618000
530,NQX/NDX,SELL,H1,10,25,14,4,30,70,382000,618000
531,NQX/NDX,SELL,H1,10,25,17,4,30,70,382000,618000
532,NQX/NDX,SELL,H1,12,17,11,4,30,70,382000,618000
533,NQX/NDX,SELL,H1,12,17,14,4,30,70,382000,618000
534,NQX/NDX,SELL,H1,12,17,17,4,30,70,382000,618000
535,NQX/NDX,SELL,H1,12,21,11,4,30,70,382000,618000
536,NQX/NDX,SELL,H1,12,21,14,4,30,70,382000,618000
537,NQX/NDX,SELL,H1,12,21,17,4,30,70,382000,618000
538,NQX/NDX,SELL,H1,12,25,11,4,30,70,382000,618000
539,NQX/NDX,SELL,H1,12,25,14,4,30,70,382000,618000
540,NQX/NDX,SELL,H1,12,25,17,4,30,70,382000,618000
